{"cameraMode":{"drawMode":0,"name":"Shaded","section":"Shading Mode"},"sceneLighting":false,"audioPlay":false,"sceneViewState":{"m_AlwaysRefresh":false,"showFog":true,"showSkybox":false,"showFlares":true,"showImageEffects":true,"showParticleSystems":true,"showVisualEffectGraphs":true,"m_FxEnabled":true},"in2DMode":false,"pivot":{"x":36.72508239746094,"y":217.1959686279297,"z":-528.7529907226563},"rotation":{"x":0.2844063639640808,"y":-0.010604701936244965,"z":0.006488637533038855,"w":0.9591036438941956},"size":0.4983274042606354,"orthographic":false}