{"cameraMode":{"drawMode":0,"name":"Shaded","section":"Shading Mode"},"sceneLighting":false,"audioPlay":false,"sceneViewState":{"m_AlwaysRefresh":false,"showFog":true,"showSkybox":false,"showFlares":true,"showImageEffects":true,"showParticleSystems":true,"showVisualEffectGraphs":true,"m_FxEnabled":true},"in2DMode":false,"pivot":{"x":1.1672453880310059,"y":2.86837100982666,"z":-13.496094703674317},"rotation":{"x":-0.0008015878847800195,"y":-0.9887303113937378,"z":0.14974500238895417,"w":-0.005334857385605574},"size":0.8660253882408142,"orthographic":false}