{"cameraMode":{"drawMode":0,"name":"Shaded","section":"Shading Mode"},"sceneLighting":true,"audioPlay":false,"sceneViewState":{"m_AlwaysRefresh":false,"showFog":true,"showSkybox":true,"showFlares":true,"showImageEffects":true,"showParticleSystems":true,"showVisualEffectGraphs":true,"m_FxEnabled":true},"in2DMode":false,"pivot":{"x":-3.0852248668670656,"y":5.696521759033203,"z":10.202071189880371},"rotation":{"x":-0.02223147638142109,"y":-0.05731475353240967,"z":0.00005583138045039959,"w":0.9983442425727844},"size":12.12435531616211,"orthographic":false}