{"cameraMode":{"drawMode":0,"name":"Shaded","section":"Shading Mode"},"sceneLighting":true,"audioPlay":false,"sceneViewState":{"m_AlwaysRefresh":false,"showFog":true,"showSkybox":true,"showFlares":true,"showImageEffects":true,"showParticleSystems":true,"showVisualEffectGraphs":true,"m_FxEnabled":true},"in2DMode":false,"pivot":{"x":2.2957398891448976,"y":4.847012042999268,"z":-31.81686782836914},"rotation":{"x":-0.03486621752381325,"y":-0.018614763393998147,"z":-0.002247969154268503,"w":-0.9996264576911926},"size":0.00954536721110344,"orthographic":false}