{"cameraMode":{"drawMode":0,"name":"Shaded","section":"Shading Mode"},"sceneLighting":true,"audioPlay":false,"sceneViewState":{"m_AlwaysRefresh":false,"showFog":true,"showSkybox":true,"showFlares":true,"showImageEffects":true,"showParticleSystems":true,"showVisualEffectGraphs":true,"m_FxEnabled":true},"in2DMode":false,"pivot":{"x":1.091750144958496,"y":1.1437535285949708,"z":9.013325691223145},"rotation":{"x":0.10441672801971436,"y":-0.7507237792015076,"z":0.12337633222341538,"w":0.6408324837684631},"size":1.2247449159622193,"orthographic":false}