{"cameraMode":{"drawMode":0,"name":"Shaded","section":"Shading Mode"},"sceneLighting":false,"audioPlay":false,"sceneViewState":{"m_AlwaysRefresh":false,"showFog":true,"showSkybox":false,"showFlares":true,"showImageEffects":true,"showParticleSystems":true,"showVisualEffectGraphs":true,"m_FxEnabled":true},"in2DMode":false,"pivot":{"x":-212.78709411621095,"y":-109.05516815185547,"z":-11.151094436645508},"rotation":{"x":0.11982753872871399,"y":-0.05382039397954941,"z":0.007235396187752485,"w":0.9915004968643189},"size":243.00674438476563,"orthographic":false}