{"cameraMode":{"drawMode":0,"name":"Shaded","section":"Shading Mode"},"sceneLighting":false,"audioPlay":false,"sceneViewState":{"m_AlwaysRefresh":false,"showFog":true,"showSkybox":false,"showFlares":true,"showImageEffects":true,"showParticleSystems":true,"showVisualEffectGraphs":true,"m_FxEnabled":true},"in2DMode":false,"pivot":{"x":840.4113159179688,"y":134.76956176757813,"z":-120.06182861328125},"rotation":{"x":0.16131535172462464,"y":-0.23032626509666444,"z":0.039460305124521258,"w":0.9590375423431397},"size":399.9820251464844,"orthographic":false}