{"cameraMode":{"drawMode":0,"name":"Shaded","section":"Shading Mode"},"sceneLighting":false,"audioPlay":false,"sceneViewState":{"m_AlwaysRefresh":false,"showFog":true,"showSkybox":false,"showFlares":true,"showImageEffects":true,"showParticleSystems":true,"showVisualEffectGraphs":true,"m_FxEnabled":true},"in2DMode":false,"pivot":{"x":1.4911909103393555,"y":2.6085846424102785,"z":-3.093416690826416},"rotation":{"x":0.09262135624885559,"y":-0.10733281075954437,"z":0.010282275266945362,"w":0.9899977445602417},"size":1.0307765007019044,"orthographic":false}