{"cameraMode":{"drawMode":0,"name":"Shaded","section":"Shading Mode"},"sceneLighting":false,"audioPlay":false,"sceneViewState":{"m_AlwaysRefresh":false,"showFog":true,"showSkybox":false,"showFlares":true,"showImageEffects":true,"showParticleSystems":true,"showVisualEffectGraphs":true,"m_FxEnabled":true},"in2DMode":false,"pivot":{"x":-1.1938127279281617,"y":1.659451961517334,"z":-0.8860692381858826},"rotation":{"x":0.001347180106677115,"y":-0.9977009296417236,"z":0.06625819206237793,"w":0.021247170865535737},"size":1.2247449159622193,"orthographic":false}